AIRPORT CODE,AIRPORT
ABE,Allentown-Bethlehem-Easton International
ABQ,Albuquerque International
AGC,Pittsburgh/Allegheny County
AIY,Atlantic City International
ANC,Anchorage International
ARN,Arlanda (Stockholm Sweden)
ATL,Atlanta William B. Hartsfield International
AUS,Austin Robert Mueller Municipal
AVL,Asheville (NC) Regional
BDL,Hartford/Springfield Bradley International
BFI,Seattle Kings County International/Boeing Field
BGR,Bangor International
BHM,Birmingham Municipal
BIL,Billings Logan International
BIS,Bismarck Municipal
BKL,Cleveland Lakefront
BNA,Nashville Metro
BOI,Boise Air Terminal/Gowen Field
BOS,Boston Logan International
BTR,Baton Rouge
BTV,Burlington International
BUF,Buffalo International
BUR,Burbank/Glendale/Pasadena
BWI,Baltimore-Washington International
CAE,Columbia (SC) Metropolitan
CAK,Akron/Canton Regional
CDG,Roissy Charles de Gaulle Airport (Paris France)
CGX,Chicago Merrill C. Meigs Field
CHS,Charleston (SC) International
CLE,Cleveland-Hopkins International
CLT,Charlotte/Douglas International
CMH,Columbus (OH) International
COD,Yellowstone Regional Airport (Cody Wyoming)
CPR,Casper/Natrone County International
CRM,Charleston (WV) Yeager
CRP,Corpus Christi International
CVG,Cincinnati International
CYS,Cheyenne
DAL,Dallas Love Field
DAY,Dayton James M. Cox International
DCA,Ronald Reagan Washington National
DEN,Denver Stapleton International
DET,Detroit City
DFW,Dallas-Ft. Worth International
DSM,Des Moines International
DTW,Detroit Metropolitan/Wayne County
ELP,El Paso International
EWR,Newark International
EYW,Key West International
FAI,Fairbanks International
FAR,Fargo Hector International
FAT,Fresno Air Terminal
FLL,Ft. Lauderdale-Hollywood International
FOE,Topeka Forbes Field
FSD,Sioux Falls Regional
FWA,Ft. Wayne Allen County
GEG,Spokane International
GRR,Grand Rapids/Kent County International
GSO,Greensboro-High Pt.-Winston Salem Regional
HNL,Honolulu International
HOT,Hot Springs Memorial Field
HOU,Houston William P. Hobby
HPN,White Plains/Westchester County
HUF,Terre Haute Hulman Regional
HVN,New Haven Tweed
IAD,Washington Dulles
IAH,Houston Intercontinental
ICT,Wichita Mid-Continent
ILG,Wilmington/New Castle County
IND,Indianapolis International
INT,Winston-Salem Smith Reynolds
ITH,Ithaca Tompkins County
ITO,Hilo General Lyman Field
JAN,Jackson Municipal/Thompson Field
JAX,Jacksonville (FL) International
JFK,New York John F. Kennedy International
JNU,Juneau International
KOA,Kailua-Kona Keahole (HI)
LAN,Lansing Capital City
LAS,Las Vegas McCarran International
LAX,Los Angeles International
LGA,New York La Guardia
LGB,Long Beach Daugherty Field
LIH,Lihue (HI)
LIT,Little Rock Regional
LNK,Lincoln Municipal
MBS,Saginaw Tri-City
MCI,Kansas City International
MCO,Orlando International
MDT,Harrisburg International
MDW,Chicago Midway
MEM,Memphis International
MGM,Montgomery Municipal/Dannelly Field
MHT,Manchester
MIA,Miami International
MKC,Kansas City Downtown
MKE,Milwaukee General Mitchell International
MLI,Moline Quad City
MOB,Mobile Municipal/Bates Field
MSN,Madison (WI) Dane County Regional
MSO,Missoula County
MSP,Minneapolis-St. Paul International
MSY,New Orleans International
OAJ,Jacksonville (NC) Albert J. Ellis
OAK,Oakland International
OGG,Kahului (HI)
OKC,Oklahoma City Will Rogers World
OLM,Olympia (WA)
OMA,Omaha Eppley Airfield
ONT,Ontario (CA) International
ORD,Chicago-O'Hare International
ORF,Norfolk International
ORY,Orly Airport (Paris France)
PBI,Palm Beach International
PDX,Portland (OR) International
PHF,Newport News Patrick Henry International
PHL,Philadelphia International
PHX,Phoenix Sky Harbor International
PIE,St. Petersburg/Clearwater
PIT,Pittsburgh International
PSP,Palm Springs Municipal
PVD,Providence Theodore Francis Green State
PWM,Portland (ME) International Jetport
RDU,Raleigh-Durham
RIC,Richmond International/Byrd Field
RNO,Reno Cannon International
ROC,Rochester International
RSW,Ft. Meyers Southwest Florida Regional
SAN,San Diego International/Lindbergh Field
SAT,San Antonio International
SAV,Savannah International
SBA,Santa Barbara Municipal
SDF,Louisville Standiford Field
SEA,Seattle-Tacoma International
SFO,San Francisco International
SGF,Springfield (MO) Regional
SJC,San Jose (CA) International
SLC,Salt Lake City International
SMF,Sacramento Metro
SNA,Santa Ana/Orange County/John Wayne
SPS,Wichita Falls
STL,St. Louis/Lambert International
SUX,Sioux City International
SVO,Sheremetyevo Airport (Moscow Russia)
SYR,Syracuse Hancock International
TOL,Toledo Express
TPA,Tampa International
TUL,Tulsa International
TUS,Tucson International
TYS,Knoxville McGhee Tyson
UCA,Utica/Oneida County
YMX,Mirabel International (Montreal)
YOW,McDonald-Cartier Internatial (Ottawa)
YVR,Vancouver International
YYZ,Lester B. Pearson International (Toronto)
